{
  "keyframes": [
    {
      "matrix": "[0.6303538078642609,0.7763079781317634,-5.551115123125783e-17,0,-0.2326281124665946,0.1888915490247669,0.954046195945067,0,0.7406336734184154,-0.6013866524923857,0.29965956684669115,0,0.3823203698709418,-0.3332810224353317,0.2727743365635951,1]",
      "fov": 50,
      "aspect": 1,
      "properties": "[[\"FOV\",50],[\"NAME\",\"Camera 0\"],[\"TIME\",0]]"
    }
  ],
  "camera_type": "perspective",
  "render_height": 1080,
  "render_width": 1920,
  "camera_path": [
    {
      "camera_to_world": [
        0.6303538078642608,
        -0.23262811246659454,
        0.7406336734184155,
        0.3823203698709418,
        0.7763079781317636,
        0.18889154902476668,
        -0.6013866524923858,
        -0.3332810224353317,
        -1.3877787807814457e-16,
        0.9540461959450672,
        0.2996595668466909,
        0.2727743365635951,
        0,
        0,
        0,
        1
      ],
      "fov": 50,
      "aspect": 1
    }
  ],
  "fps": 24,
  "seconds": 4,
  "smoothness_value": 0.5,
  "is_cycle": false,
  "crop": null
}
